CREATE DATABASE SumaCompanyDB;
GO

DROP DATABASE SumaCompanyDB;
USE SumaCompanyDB;

CREATE TABLE Empleado (
    IdEmpleado INT IDENTITY(1,1) PRIMARY KEY,
    Nombre VARCHAR(100),
    Apellido VARCHAR(100),
    Cargo VARCHAR(50),
    Telefono VARCHAR(20),
    Salario DECIMAL(10,2),
    Activo BIT
);

INSERT INTO Empleado (Nombre, Apellido, Cargo, Telefono, Salario, Activo)
VALUES 
('Carlos','Ramirez','Cajero','88888888',450000,1),
('Ana','Lopez','Administrador','87777777',750000,1),
('Maria','Gonzalez','Vendedor','88822345',480000,1),
('Carlos','Hernandez','Vendedor','88832345',480000,1),
('Laura','Martinez','Cajero','88842345',450000,1),
('Pedro','Sanchez','Bodega','88852345',420000,1),
('Sofia','Castro','Vendedor','88862345',480000,1),
('Andres','Vargas','Administrador','88872345',750000,1),
('Daniela','Rojas','Cajero','88882345',450000,1),
('Jose','Mora','Bodega','88892345',420000,1),
('Paula','Jimenez','Vendedor','88902345',480000,1),
('Fernando','Alvarado','Administrador','88912345',750000,1),
('Elena','Campos','Cajero','88922345',450000,1),
('Miguel','Vega','Bodega','88932345',420000,1),
('Valeria','Navarro','Vendedor','88942345',480000,1),
('Ricardo','Solano','Administrador','88952345',750000,1),
('Natalia','Herrera','Cajero','88962345',450000,1),
('Oscar','Salazar','Bodega','88972345',420000,1),
('Camila','Cordero','Vendedor','88982345',480000,1),
('Jorge','Pineda','Administrador','88992345',750000,1),
('Ana','Mendez','Vendedor','87000001',480000,1),
('Luis','Perez','Cajero','87000002',450000,1),
('Maria','Soto','Bodega','87000003',420000,1),
('Carlos','Araya','Administrador','87000004',750000,1),
('Laura','Brenes','Vendedor','87000005',480000,1),
('Pedro','Aguilar','Cajero','87000006',450000,1),
('Sofia','Chavez','Bodega','87000007',420000,1),
('Andres','Quesada','Administrador','87000008',750000,1),
('Daniela','Arias','Vendedor','87000009',480000,1);


CREATE TABLE Cliente (
    IdCliente INT IDENTITY(1,1) PRIMARY KEY,
    Nombre VARCHAR(100),
    Apellido VARCHAR(100),
    Telefono VARCHAR(20),
    Correo VARCHAR(100),
    Activo BIT
);

INSERT INTO Cliente (Nombre, Apellido, Telefono, Correo, Activo)
VALUES
('Juan','Perez','88887777','juan@email.com',1),
('Maria','Gomez','89996666','maria@email.com',1),
('Carlos','Ramirez','88810001','carlos@email.com',1),
('Laura','Martinez','88810002','laura@email.com',1),
('Pedro','Sanchez','88810003','pedro@email.com',1),
('Ana','Lopez','88810004','ana@email.com',1),
('Luis','Vargas','88810005','luis@email.com',1),
('Sofia','Castro','88810006','sofia@email.com',1),
('Andres','Rojas','88810007','andres@email.com',1),
('Daniela','Mora','88810008','daniela@email.com',1),
('Miguel','Jimenez','88810009','miguel@email.com',1),
('Valeria','Navarro','88810010','valeria@email.com',1),
('Fernando','Campos','88810011','fernando@email.com',1),
('Elena','Vega','88810012','elena@email.com',1),
('Ricardo','Solano','88810013','ricardo@email.com',1),
('Natalia','Herrera','88810014','natalia@email.com',1),
('Oscar','Salazar','88810015','oscar@email.com',1),
('Camila','Cordero','88810016','camila@email.com',1),
('Jorge','Pineda','88810017','jorge@email.com',1),
('Paula','Cruz','88810018','paula@email.com',1),
('Diego','Arias','88810019','diego@email.com',1),
('Gabriela','Soto','88810020','gabriela@email.com',1),
('Jose','Chavez','88810021','jose@email.com',1),
('Andrea','Quesada','88810022','andrea@email.com',1),
('Marco','Monge','88810023','marco@email.com',1),
('Diana','Segura','88810024','diana@email.com',1),
('Adrian','Villalobos','88810025','adrian@email.com',1),
('Paola','Leiva','88810026','paola@email.com',1),
('Mario','Badilla','88810027','mario@email.com',1),
('Claudia','Carvajal','88810028','claudia@email.com',1),
('Kevin','Cespedes','88810029','kevin@email.com',1),
('Karen','Calderon','88810030','karen@email.com',1),
('Alonso','Fonseca','88810031','alonso@email.com',1),
('Daniel','Murillo','88810032','daniel@email.com',1),
('Rosa','Ulate','88810033','rosa@email.com',1),
('Esteban','Rodriguez','88810034','esteban@email.com',1),
('Lucia','Zamora','88810035','lucia@email.com',1),
('Victor','Sandoval','88810036','victor@email.com',1),
('Melissa','Madrigal','88810037','melissa@email.com',1),
('Pablo','Barquero','88810038','pablo@email.com',1),
('Tatiana','Benavides','88810039','tatiana@email.com',1),
('Gerardo','Roldan','88810040','gerardo@email.com',1),
('Monica','Ramos','88810041','monica@email.com',1),
('Alberto','Porras','88810042','alberto@email.com',1),
('Veronica','Mata','88810043','veronica@email.com',1),
('Mauricio','Valverde','88810044','mauricio@email.com',1),
('Patricia','Chacon','88810045','patricia@email.com',1),
('Sergio','Abarca','88810046','sergio@email.com',1),
('Rafael','Angulo','88810047','rafael@email.com',1),
('Gloria','Montoya','88810048','gloria@email.com',1),
('Cristian','Valerio','88810049','cristian@email.com',1),
('Noelia','Duran','88810050','noelia@email.com',1),
('Brayan','Granados','88810051','brayan@email.com',1),
('Yuliana','Garita','88810052','yuliana@email.com',1),
('Fabian','Mejia','88810053','fabian@email.com',1),
('Daniel','Acosta','88810054','daniel2@email.com',1),
('Lorena','Corrales','88810055','lorena@email.com',1),
('Hector','Esquivel','88810056','hector@email.com',1),
('Jessica','Bolańos','88810057','jessica@email.com',1),
('Roberto','Carranza','88810058','roberto@email.com',1),
('Silvia','Mora','88810059','silvia@email.com',1),
('Ivan','Marin','88810060','ivan@email.com',1);
CREATE TABLE Producto (
    IdProducto INT IDENTITY(1,1) PRIMARY KEY,
    NombreProducto VARCHAR(100),
    Precio DECIMAL(10,2),
    Stock INT,
    Categoria VARCHAR(50),
    Activo BIT
);


INSERT INTO Producto (NombreProducto, Precio, Stock, Categoria, Activo)
VALUES
('Manzana',500,100,'Frutas',1),
('Banano',300,150,'Frutas',1),
('Leche',900,80,'Lacteos',1),
('Queso',1500,60,'Lacteos',1),
('Yogurt',700,90,'Lacteos',1),
('Mantequilla',1200,50,'Lacteos',1),
('Pan Blanco',800,70,'Panaderia',1),
('Pan Integral',900,65,'Panaderia',1),
('Arroz',1100,120,'Granos',1),
('Frijoles',1000,110,'Granos',1),
('Lentejas',950,100,'Granos',1),
('Garbanzos',980,95,'Granos',1),
('Azucar',850,130,'Abarrotes',1),
('Sal',400,140,'Abarrotes',1),
('Cafe',3500,60,'Abarrotes',1),
('Te',1500,50,'Abarrotes',1),
('Aceite Vegetal',2200,70,'Abarrotes',1),
('Aceite Oliva',4200,40,'Abarrotes',1),
('Harina',900,100,'Abarrotes',1),
('Pasta',1000,90,'Abarrotes',1),
('Salsa Tomate',800,85,'Abarrotes',1),
('Mayonesa',1100,80,'Abarrotes',1),
('Mostaza',900,75,'Abarrotes',1),
('Ketchup',1000,70,'Abarrotes',1),
('Cereal',2500,60,'Abarrotes',1),
('Avena',1200,90,'Abarrotes',1),
('Galletas Chocolate',1300,80,'Snacks',1),
('Galletas Vainilla',1200,85,'Snacks',1),
('Papas Fritas',1500,100,'Snacks',1),
('Palomitas',1400,95,'Snacks',1),
('Chocolate',1800,70,'Snacks',1),
('Caramelos',900,120,'Snacks',1),
('Refresco Cola',1500,100,'Bebidas',1),
('Refresco Naranja',1500,100,'Bebidas',1),
('Refresco Limon',1500,100,'Bebidas',1),
('Jugo Manzana',1300,80,'Bebidas',1),
('Jugo Naranja',1300,80,'Bebidas',1),
('Agua Botella',800,150,'Bebidas',1),
('Agua Mineral',1000,120,'Bebidas',1),
('Cerveza',2000,90,'Bebidas',1),
('Vino Tinto',6500,40,'Bebidas',1),
('Vino Blanco',6500,40,'Bebidas',1),
('Pollo',3200,60,'Carnes',1),
('Carne Res',5200,50,'Carnes',1),
('Carne Cerdo',4200,55,'Carnes',1),
('Salchichas',2000,70,'Carnes',1),
('Jamón',2400,65,'Carnes',1),
('Tocino',2600,60,'Carnes',1),
('Huevos',2100,80,'Lacteos',1),
('Tomate',600,120,'Verduras',1),
('Papa',500,130,'Verduras',1),
('Cebolla',550,125,'Verduras',1),
('Zanahoria',500,120,'Verduras',1),
('Lechuga',700,90,'Verduras',1),
('Pepino',650,85,'Verduras',1),
('Brocoli',900,80,'Verduras',1),
('Coliflor',950,75,'Verduras',1),
('Chile Dulce',800,90,'Verduras',1),
('Ajo',700,95,'Verduras',1),
('Pińa',1000,70,'Frutas',1),
('Sandia',1500,60,'Frutas',1),
('Melon',1400,60,'Frutas',1),
('Mango',900,85,'Frutas',1),
('Papaya',1000,75,'Frutas',1),
('Uvas',1800,70,'Frutas',1),
('Fresa',2000,60,'Frutas',1),
('Pera',1200,80,'Frutas',1),
('Durazno',1500,75,'Frutas',1),
('Helado Vainilla',3000,50,'Congelados',1),
('Helado Chocolate',3000,50,'Congelados',1),
('Pizza Congelada',4500,40,'Congelados',1),
('Papas Congeladas',2500,60,'Congelados',1),
('Nuggets Pollo',2800,55,'Congelados',1),
('Detergente',3500,70,'Limpieza',1),
('Jabon Barra',800,120,'Limpieza',1),
('Jabon Liquido',1500,100,'Limpieza',1),
('Cloro',1200,90,'Limpieza',1),
('Desinfectante',1600,85,'Limpieza',1),
('Esponjas',700,100,'Limpieza',1),
('Papel Higienico',3200,80,'Hogar',1),
('Servilletas',1200,90,'Hogar',1),
('Toallas Papel',1800,85,'Hogar',1),
('Bolsa Basura',1500,95,'Hogar',1),
('Shampoo',2800,70,'Cuidado Personal',1),
('Acondicionador',2800,70,'Cuidado Personal',1),
('Pasta Dental',1500,90,'Cuidado Personal',1),
('Cepillo Dental',1200,100,'Cuidado Personal',1),
('Jabon Bańo',900,110,'Cuidado Personal',1),
('Desodorante',2200,80,'Cuidado Personal',1),
('Crema Corporal',2600,70,'Cuidado Personal',1),
('Gel Cabello',2000,75,'Cuidado Personal',1),
('Rasuradora',1800,65,'Cuidado Personal',1),
('Algodon',1000,90,'Cuidado Personal',1)

CREATE TABLE Factura (
    IdFactura INT IDENTITY(1,1) PRIMARY KEY,
    IdCliente INT,
    IdEmpleado INT,
    Fecha DATETIME,
    Total DECIMAL(10,2),

    FOREIGN KEY (IdCliente) REFERENCES Cliente(IdCliente),
    FOREIGN KEY (IdEmpleado) REFERENCES Empleado(IdEmpleado)
);

CREATE TABLE DetalleFactura (
    IdDetalle INT IDENTITY(1,1) PRIMARY KEY,
    IdFactura INT,
    IdProducto INT,
    Cantidad INT,
    Precio DECIMAL(10,2),
    SubTotal DECIMAL(10,2),

    FOREIGN KEY (IdFactura) REFERENCES Factura(IdFactura),
    FOREIGN KEY (IdProducto) REFERENCES Producto(IdProducto)
);



